

-- Volcando estructura de base de datos para pp3
CREATE DATABASE IF NOT EXISTS `pp3` /*!40100 DEFAULT CHARACTER SET utf8mb4 COLLATE utf8mb4_0900_ai_ci */ /*!80016 DEFAULT ENCRYPTION='N' */;
USE `pp3`;

-- Volcando estructura para tabla pp3.alumnos
CREATE TABLE IF NOT EXISTS `alumnos` (
  `ID_ALUMNO` int NOT NULL AUTO_INCREMENT,
  `NOMBRE` varchar(100) NOT NULL,
  `EDAD` int DEFAULT NULL,
  `DNI` varchar(20) NOT NULL,
  `EMAIL` varchar(100) DEFAULT NULL,
  `ID_CARRERA` int DEFAULT NULL,
  PRIMARY KEY (`ID_ALUMNO`),
  UNIQUE KEY `DNI` (`DNI`),
  KEY `FK_Alumno_Carrera` (`ID_CARRERA`),
  CONSTRAINT `FK_Alumno_Carrera` FOREIGN KEY (`ID_CARRERA`) REFERENCES `carreras` (`ID_CARRERA`) ON DELETE SET NULL ON UPDATE CASCADE
) ENGINE=InnoDB AUTO_INCREMENT=201 DEFAULT CHARSET=utf8mb4 COLLATE=utf8mb4_0900_ai_ci;

-- Volcando datos para la tabla pp3.alumnos: ~200 rows (aproximadamente)
INSERT INTO `alumnos` (`ID_ALUMNO`, `NOMBRE`, `EDAD`, `DNI`, `EMAIL`, `ID_CARRERA`) VALUES
	(1, 'Juan Román Riquelme', 22, '40000001', 'j.riquelme@instituto.edu.ar', 1),
	(2, 'Martín Palermo', 24, '40000002', 'm.palermo@instituto.edu.ar', 2),
	(3, 'Carlos Tevez', 21, '40000003', 'c.tevez@instituto.edu.ar', 3),
	(4, 'Fernando Gago', 19, '40000004', 'f.gago@instituto.edu.ar', 4),
	(5, 'Sebastián Battaglia', 20, '40000005', 's.battaglia@instituto.edu.ar', 1),
	(6, 'Guillermo Barros Schelotto', 23, '40000006', 'g.barrosschelotto@instituto.edu.ar', 2),
	(7, 'Marcelo Delgado', 22, '40000007', 'm.delgado@instituto.edu.ar', 3),
	(8, 'Rolando Schiavi', 25, '40000008', 'r.schiavi@instituto.edu.ar', 4),
	(9, 'Hugo Ibarra', 21, '40000009', 'h.ibarra@instituto.edu.ar', 1),
	(10, 'Mauricio Serna', 24, '40000010', 'm.serna@instituto.edu.ar', 2),
	(11, 'Oscar Córdoba', 20, '40000011', 'o.cordoba@instituto.edu.ar', 3),
	(12, 'Roberto Abbondanzieri', 22, '40000012', 'r.abbondanzieri@instituto.edu.ar', 4),
	(13, 'Clemente Rodríguez', 19, '40000013', 'c.rodriguez@instituto.edu.ar', 1),
	(14, 'Nicolás Burdisso', 21, '40000014', 'n.burdisso@instituto.edu.ar', 2),
	(15, 'Diego Cagna', 23, '40000015', 'd.cagna@instituto.edu.ar', 3),
	(16, 'Rodrigo Palacio', 20, '40000016', 'r.palacio@instituto.edu.ar', 4),
	(17, 'Daniel Bilos', 22, '40000017', 'd.bilos@instituto.edu.ar', 1),
	(18, 'Federico Insúa', 21, '40000018', 'f.insua@instituto.edu.ar', 2),
	(19, 'Éver Banega', 19, '40000019', 'e.banega@instituto.edu.ar', 3),
	(20, 'Jesús Dátolo', 20, '40000020', 'j.datolo@instituto.edu.ar', 4),
	(21, 'Gary Medel', 22, '40000021', 'g.medel@instituto.edu.ar', 1),
	(22, 'Darío Benedetto', 23, '40000022', 'd.benedetto@instituto.edu.ar', 2),
	(23, 'Cristian Pavón', 19, '40000023', 'c.pavon@instituto.edu.ar', 3),
	(24, 'Wilmar Barrios', 21, '40000024', 'w.barrios@instituto.edu.ar', 4),
	(25, 'Nahitan Nández', 20, '40000025', 'n.nandez@instituto.edu.ar', 1),
	(26, 'Frank Fabra', 22, '40000026', 'f.fabra@instituto.edu.ar', 2),
	(27, 'Lisandro Magallán', 24, '40000027', 'l.magallan@instituto.edu.ar', 3),
	(28, 'Carlos Izquierdoz', 21, '40000028', 'c.izquierdoz@instituto.edu.ar', 4),
	(29, 'Agustín Rossi', 20, '40000029', 'a.rossi@instituto.edu.ar', 1),
	(30, 'Alan Varela', 18, '40000030', 'a.varela@instituto.edu.ar', 2),
	(31, 'Exequiel Zeballos', 19, '40000031', 'e.zeballos@instituto.edu.ar', 3),
	(32, 'Luca Langoni', 20, '40000032', 'l.langoni@instituto.edu.ar', 4),
	(33, 'Cristian Medina', 21, '40000033', 'c.medina@instituto.edu.ar', 1),
	(34, 'Miguel Merentiel', 23, '40000034', 'm.merentiel@instituto.edu.ar', 2),
	(35, 'Edinson Cavani', 25, '40000035', 'e.cavani@instituto.edu.ar', 3),
	(36, 'Marcos Rojo', 24, '40000036', 'm.rojo@instituto.edu.ar', 4),
	(37, 'Sergio Romero', 22, '40000037', 's.romero@instituto.edu.ar', 1),
	(38, 'Ezequiel Fernández', 19, '40000038', 'e.fernandez@instituto.edu.ar', 2),
	(39, 'Luis Advíncula', 21, '40000039', 'l.advincula@instituto.edu.ar', 3),
	(40, 'Valentín Barco', 18, '40000040', 'v.barco@instituto.edu.ar', 4),
	(41, 'Marcelo Gallardo', 24, '40000041', 'm.gallardo@instituto.edu.ar', 1),
	(42, 'Ariel Ortega', 23, '40000042', 'a.ortega@instituto.edu.ar', 2),
	(43, 'Pablo Aimar', 21, '40000043', 'p.aimar@instituto.edu.ar', 3),
	(44, 'Javier Saviola', 20, '40000044', 'j.saviola@instituto.edu.ar', 4),
	(45, 'Andrés D Alessandro', 22, '40000045', 'a.dalessandro@instituto.edu.ar', 1),
	(46, 'Fernando Cavenaghi', 21, '40000046', 'f.cavenaghi@instituto.edu.ar', 2),
	(47, 'Javier Mascherano', 19, '40000047', 'j.mascherano@instituto.edu.ar', 3),
	(48, 'Lucho González', 22, '40000048', 'l.gonzalez@instituto.edu.ar', 4),
	(49, 'Martín Demichelis', 23, '40000049', 'm.demichelis@instituto.edu.ar', 1),
	(50, 'Germán Lux', 20, '40000050', 'g.lux@instituto.edu.ar', 2),
	(51, 'Radamel Falcao', 21, '40000051', 'r.falcao@instituto.edu.ar', 3),
	(52, 'Gonzalo Higuaín', 20, '40000052', 'g.higuain@instituto.edu.ar', 4),
	(53, 'Juan Pablo Carrizo', 22, '40000053', 'j.carrizo@instituto.edu.ar', 1),
	(54, 'Diego Buonanotte', 19, '40000054', 'd.buonanotte@instituto.edu.ar', 2),
	(55, 'Erik Lamela', 18, '40000055', 'e.lamela@instituto.edu.ar', 3),
	(56, 'Manuel Lanzini', 20, '40000056', 'm.lanzini@instituto.edu.ar', 4),
	(57, 'Matías Kranevitter', 21, '40000057', 'm.kranevitter@instituto.edu.ar', 1),
	(58, 'Ramiro Funes Mori', 22, '40000058', 'r.funesmori@instituto.edu.ar', 2),
	(59, 'Leonel Vangioni', 23, '40000059', 'l.vangioni@instituto.edu.ar', 3),
	(60, 'Gabriel Mercado', 24, '40000060', 'g.mercado@instituto.edu.ar', 4),
	(61, 'Carlos Sánchez', 22, '40000061', 'c.sanchez@instituto.edu.ar', 1),
	(62, 'Leonardo Ponzio', 25, '40000062', 'l.ponzio@instituto.edu.ar', 2),
	(63, 'Jonatan Maidana', 24, '40000063', 'j.maidana@instituto.edu.ar', 3),
	(64, 'Marcelo Barovero', 23, '40000064', 'm.barovero@instituto.edu.ar', 4),
	(65, 'Lucas Alario', 21, '40000065', 'l.alario@instituto.edu.ar', 1),
	(66, 'Sebastián Driussi', 20, '40000066', 's.driussi@instituto.edu.ar', 2),
	(67, 'Gonzalo Martínez', 22, '40000067', 'g.martinez@instituto.edu.ar', 3),
	(68, 'Ignacio Fernández', 24, '40000068', 'i.fernandez@instituto.edu.ar', 4),
	(69, 'Enzo Pérez', 23, '40000069', 'e.perez@instituto.edu.ar', 1),
	(70, 'Franco Armani', 25, '40000070', 'f.armani@instituto.edu.ar', 2),
	(71, 'Javier Pinola', 24, '40000071', 'j.pinola@instituto.edu.ar', 3),
	(72, 'Milton Casco', 22, '40000072', 'm.casco@instituto.edu.ar', 4),
	(73, 'Exequiel Palacios', 19, '40000073', 'e.palacios@instituto.edu.ar', 1),
	(74, 'Lucas Martínez Quarta', 21, '40000074', 'l.martinezquarta@instituto.edu.ar', 2),
	(75, 'Gonzalo Montiel', 20, '40000075', 'g.montiel@instituto.edu.ar', 3),
	(76, 'Juan Fernando Quintero', 22, '40000076', 'j.quintero@instituto.edu.ar', 4),
	(77, 'Nicolás De La Cruz', 21, '40000077', 'n.delacruz@instituto.edu.ar', 1),
	(78, 'Julián Álvarez', 19, '40000078', 'j.alvarez@instituto.edu.ar', 2),
	(79, 'Enzo Fernández', 20, '40000079', 'en.fernandez@instituto.edu.ar', 3),
	(80, 'Claudio Echeverri', 18, '40000080', 'c.echeverri@instituto.edu.ar', 4),
	(81, 'Diego Milito', 24, '40000081', 'd.milito@instituto.edu.ar', 1),
	(82, 'Lisandro López', 23, '40000082', 'l.lopez@instituto.edu.ar', 2),
	(83, 'Lautaro Martínez', 20, '40000083', 'l.martinez@instituto.edu.ar', 3),
	(84, 'Rodrigo De Paul', 21, '40000084', 'r.depaul@instituto.edu.ar', 4),
	(85, 'Matías Zaracho', 19, '40000085', 'm.zaracho@instituto.edu.ar', 1),
	(86, 'Marcos Acuña', 22, '40000086', 'm.acuna@instituto.edu.ar', 2),
	(87, 'Gustavo Bou', 23, '40000087', 'g.bou@instituto.edu.ar', 3),
	(88, 'Sebastián Saja', 25, '40000088', 's.saja@instituto.edu.ar', 4),
	(89, 'Iván Pillud', 24, '40000089', 'i.pillud@instituto.edu.ar', 1),
	(90, 'Gabriel Arias', 22, '40000090', 'g.arias@instituto.edu.ar', 2),
	(91, 'Leonardo Sigali', 23, '40000091', 'l.sigali@instituto.edu.ar', 3),
	(92, 'Eugenio Mena', 21, '40000092', 'e.mena@instituto.edu.ar', 4),
	(93, 'Gabriel Hauche', 22, '40000093', 'g.hauche@instituto.edu.ar', 1),
	(94, 'Ricardo Centurión', 20, '40000094', 'r.centurion@instituto.edu.ar', 2),
	(95, 'Maxi Moralez', 19, '40000095', 'm.moralez@instituto.edu.ar', 3),
	(96, 'Claudio Yacob', 21, '40000096', 'c.yacob@instituto.edu.ar', 4),
	(97, 'Agustín Pelletieri', 22, '40000097', 'a.pelletieri@instituto.edu.ar', 1),
	(98, 'Carlos Alcaraz', 19, '40000098', 'c.alcaraz@instituto.edu.ar', 2),
	(99, 'Enzo Copetti', 23, '40000099', 'e.copetti@instituto.edu.ar', 3),
	(100, 'Matías Rojas', 21, '40000100', 'm.rojas@instituto.edu.ar', 4),
	(101, 'Roger Martínez', 22, '40000101', 'r.martinez@instituto.edu.ar', 1),
	(102, 'Adrián Martínez', 24, '40000102', 'a.martinez@instituto.edu.ar', 2),
	(103, 'Luciano Vietto', 20, '40000103', 'l.vietto@instituto.edu.ar', 3),
	(104, 'Valentín Viola', 21, '40000104', 'v.viola@instituto.edu.ar', 4),
	(105, 'Bruno Zuculini', 19, '40000105', 'b.zuculini@instituto.edu.ar', 1),
	(106, 'Gabriel Milito', 23, '40000106', 'g.milito@instituto.edu.ar', 2),
	(107, 'Sergio Agüero', 18, '40000107', 's.aguero@instituto.edu.ar', 3),
	(108, 'Diego Forlán', 21, '40000108', 'd.forlan@instituto.edu.ar', 4),
	(109, 'Daniel Montenegro', 24, '40000109', 'd.montenegro@instituto.edu.ar', 1),
	(110, 'Germán Denis', 23, '40000110', 'g.denis@instituto.edu.ar', 2),
	(111, 'Federico Mancuello', 21, '40000111', 'f.mancuello@instituto.edu.ar', 3),
	(112, 'Nicolás Tagliafico', 22, '40000112', 'n.tagliafico@instituto.edu.ar', 4),
	(113, 'Martín Campaña', 24, '40000113', 'm.campana@instituto.edu.ar', 1),
	(114, 'Ezequiel Barco', 19, '40000114', 'e.barco@instituto.edu.ar', 2),
	(115, 'Maximiliano Meza', 22, '40000115', 'm.meza@instituto.edu.ar', 3),
	(116, 'Fabricio Bustos', 20, '40000116', 'f.bustos@instituto.edu.ar', 4),
	(117, 'Alan Franco', 21, '40000117', 'a.franco@instituto.edu.ar', 1),
	(118, 'Emiliano Rigoni', 22, '40000118', 'e.rigoni@instituto.edu.ar', 2),
	(119, 'Leandro Fernández', 23, '40000119', 'l.fernandez@instituto.edu.ar', 3),
	(120, 'Facundo Parra', 24, '40000120', 'f.parra@instituto.edu.ar', 4),
	(121, 'Oscar Ustari', 20, '40000121', 'o.ustari@instituto.edu.ar', 1),
	(122, 'Fabián Assmann', 21, '40000122', 'f.assmann@instituto.edu.ar', 2),
	(123, 'Patricio Rodríguez', 19, '40000123', 'p.rodriguez@instituto.edu.ar', 3),
	(124, 'Lucas Pusineri', 25, '40000124', 'l.pusineri@instituto.edu.ar', 4),
	(125, 'Andrés Silvera', 24, '40000125', 'a.silvera@instituto.edu.ar', 1),
	(126, 'Leandro Romagnoli', 22, '40000126', 'l.romagnoli@instituto.edu.ar', 2),
	(127, 'Ignacio Piatti', 23, '40000127', 'i.piatti@instituto.edu.ar', 3),
	(128, 'Néstor Ortigoza', 24, '40000128', 'n.ortigoza@instituto.edu.ar', 4),
	(129, 'Juan Mercier', 25, '40000129', 'j.mercier@instituto.edu.ar', 1),
	(130, 'Sebastián Torrico', 24, '40000130', 's.torrico@instituto.edu.ar', 2),
	(131, 'Ángel Correa', 19, '40000131', 'a.correa@instituto.edu.ar', 3),
	(132, 'Nicolás Blandi', 22, '40000132', 'n.blandi@instituto.edu.ar', 4),
	(133, 'Martín Cauteruccio', 23, '40000133', 'm.cauteruccio@instituto.edu.ar', 1),
	(134, 'Héctor Villalba', 20, '40000134', 'h.villalba@instituto.edu.ar', 2),
	(135, 'Julio Buffarini', 22, '40000135', 'j.buffarini@instituto.edu.ar', 3),
	(136, 'Walter Kannemann', 21, '40000136', 'w.kannemann@instituto.edu.ar', 4),
	(137, 'Bernardo Romeo', 23, '40000137', 'b.romeo@instituto.edu.ar', 1),
	(138, 'Alberto Acosta', 25, '40000138', 'a.acosta@instituto.edu.ar', 2),
	(139, 'Ezequiel Lavezzi', 21, '40000139', 'e.lavezzi@instituto.edu.ar', 3),
	(140, 'Gastón Fernández', 22, '40000140', 'g.fernandez@instituto.edu.ar', 4),
	(141, 'Pablo Zabaleta', 20, '40000141', 'p.zabaleta@instituto.edu.ar', 1),
	(142, 'Agustín Orion', 23, '40000142', 'a.orion@instituto.edu.ar', 2),
	(143, 'Marcos Senesi', 21, '40000143', 'm.senesi@instituto.edu.ar', 3),
	(144, 'Adolfo Gaich', 19, '40000144', 'a.gaich@instituto.edu.ar', 4),
	(145, 'Adam Bareiro', 22, '40000145', 'a.bareiro@instituto.edu.ar', 1),
	(146, 'Juan Sebastián Verón', 25, '40000146', 'j.veron@instituto.edu.ar', 2),
	(147, 'Mauro Boselli', 22, '40000147', 'm.boselli@instituto.edu.ar', 3),
	(148, 'José Sosa', 21, '40000148', 'j.sosa@instituto.edu.ar', 4),
	(149, 'Mariano Andújar', 23, '40000149', 'm.andujar@instituto.edu.ar', 1),
	(150, 'Leandro Desábato', 24, '40000150', 'l.desabato@instituto.edu.ar', 2),
	(151, 'Rodrigo Braña', 24, '40000151', 'r.brana@instituto.edu.ar', 3),
	(152, 'José Luis Calderón', 25, '40000152', 'j.calderon@instituto.edu.ar', 4),
	(153, 'Mariano Pavone', 22, '40000153', 'm.pavone@instituto.edu.ar', 1),
	(154, 'Pablo Lugüercio', 23, '40000154', 'p.luguercio@instituto.edu.ar', 2),
	(155, 'Guido Carrillo', 21, '40000155', 'g.carrillo@instituto.edu.ar', 3),
	(156, 'Santiago Ascacíbar', 19, '40000156', 's.ascacibar@instituto.edu.ar', 4),
	(157, 'Juan Foyth', 20, '40000157', 'j.foyth@instituto.edu.ar', 1),
	(158, 'Benjamín Rollheiser', 21, '40000158', 'b.rollheiser@instituto.edu.ar', 2),
	(159, 'Fabián Cubero', 25, '40000159', 'f.cubero@instituto.edu.ar', 3),
	(160, 'Lucas Castromán', 23, '40000160', 'l.castroman@instituto.edu.ar', 4),
	(161, 'Mauro Zárate', 21, '40000161', 'm.zarate@instituto.edu.ar', 1),
	(162, 'Rolando Zárate', 24, '40000162', 'r.zarate@instituto.edu.ar', 2),
	(163, 'Nicolás Otamendi', 20, '40000163', 'n.otamendi@instituto.edu.ar', 3),
	(164, 'Thiago Almada', 19, '40000164', 't.almada@instituto.edu.ar', 4),
	(165, 'Luca Orellano', 20, '40000165', 'l.orellano@instituto.edu.ar', 1),
	(166, 'Nicolás Domínguez', 21, '40000166', 'n.dominguez@instituto.edu.ar', 2),
	(167, 'Lucas Pratto', 24, '40000167', 'l.pratto@instituto.edu.ar', 3),
	(168, 'Jonás Gutiérrez', 23, '40000168', 'j.gutierrez@instituto.edu.ar', 4),
	(169, 'Ricardo Álvarez', 22, '40000169', 'r.alvarez@instituto.edu.ar', 1),
	(170, 'Maximiliano Rodríguez', 24, '40000170', 'm.rodriguez@instituto.edu.ar', 2),
	(171, 'Ignacio Scocco', 23, '40000171', 'i.scocco@instituto.edu.ar', 3),
	(172, 'Gabriel Heinze', 25, '40000172', 'g.heinze@instituto.edu.ar', 4),
	(173, 'Lucas Bernardi', 24, '40000173', 'l.bernardi@instituto.edu.ar', 1),
	(174, 'Mauro Formica', 21, '40000174', 'm.formica@instituto.edu.ar', 2),
	(175, 'Nahuel Guzmán', 23, '40000175', 'n.guzman@instituto.edu.ar', 3),
	(176, 'Pablo Pérez', 22, '40000176', 'p.perez@instituto.edu.ar', 4),
	(177, 'Marco Ruben', 23, '40000177', 'm.ruben@instituto.edu.ar', 1),
	(178, 'Giovani Lo Celso', 19, '40000178', 'g.locelso@instituto.edu.ar', 2),
	(179, 'Ángel Di María', 20, '40000179', 'a.dimaria@instituto.edu.ar', 3),
	(180, 'Franco Cervi', 21, '40000180', 'f.cervi@instituto.edu.ar', 4),
	(181, 'Walter Montoya', 22, '40000181', 'w.montoya@instituto.edu.ar', 1),
	(182, 'Alejandro Donatti', 24, '40000182', 'a.donatti@instituto.edu.ar', 2),
	(183, 'Jaminton Campaz', 21, '40000183', 'j.campaz@instituto.edu.ar', 3),
	(184, 'Alejo Véliz', 19, '40000184', 'a.veliz@instituto.edu.ar', 4),
	(185, 'Facundo Buonanotte', 18, '40000185', 'f.buonanotte@instituto.edu.ar', 1),
	(186, 'José Sand', 25, '40000186', 'j.sand@instituto.edu.ar', 2),
	(187, 'Lautaro Acosta', 22, '40000187', 'l.acosta@instituto.edu.ar', 3),
	(188, 'Agustín Marchesín', 23, '40000188', 'a.marchesin@instituto.edu.ar', 4),
	(189, 'Miguel Almirón', 21, '40000189', 'm.almiron@instituto.edu.ar', 1),
	(190, 'James Rodríguez', 19, '40000190', 'j.rodriguez@instituto.edu.ar', 2),
	(191, 'Santiago Silva', 24, '40000191', 's.silva@instituto.edu.ar', 3),
	(192, 'Darío Cvitanich', 23, '40000192', 'd.cvitanich@instituto.edu.ar', 4),
	(193, 'Luis Miguel Rodríguez', 25, '40000193', 'l.rodriguez.pulga@instituto.edu.ar', 1),
	(194, 'Alexis Mac Allister', 20, '40000194', 'a.macallister@instituto.edu.ar', 2),
	(195, 'Nicolás González', 21, '40000195', 'n.gonzalez@instituto.edu.ar', 3),
	(196, 'Emiliano Martínez', 22, '40000196', 'e.martinez@instituto.edu.ar', 4),
	(197, 'Thiago Almada', 21, '40000197', 't.almada.2@instituto.edu.ar', 1),
	(198, 'Kevin Mac Allister', 22, '40000198', 'k.macallister@instituto.edu.ar', 2),
	(199, 'Matías Suárez', 23, '40000199', 'm.suarez@instituto.edu.ar', 3),
	(200, 'Braian Romero', 24, '40000200', 'b.romero@instituto.edu.ar', 4);

-- Volcando estructura para tabla pp3.carreras
CREATE TABLE IF NOT EXISTS `carreras` (
  `ID_CARRERA` int NOT NULL AUTO_INCREMENT,
  `NOMBRE` varchar(100) NOT NULL,
  PRIMARY KEY (`ID_CARRERA`)
) ENGINE=InnoDB AUTO_INCREMENT=5 DEFAULT CHARSET=utf8mb4 COLLATE=utf8mb4_0900_ai_ci;

-- Volcando datos para la tabla pp3.carreras: ~4 rows (aproximadamente)
INSERT INTO `carreras` (`ID_CARRERA`, `NOMBRE`) VALUES
	(1, 'Ingeniería en Sistemas'),
	(2, 'Licenciatura en Administración'),
	(3, 'Contador Público'),
	(4, 'Diseño Gráfico');

-- Volcando estructura para tabla pp3.materias
CREATE TABLE IF NOT EXISTS `materias` (
  `ID_MATERIA` int NOT NULL AUTO_INCREMENT,
  `NOMBRE` varchar(100) NOT NULL,
  `ID_PROFESOR` int DEFAULT NULL,
  `CURSO` varchar(50) DEFAULT NULL,
  `ID_CARRERA` int DEFAULT NULL,
  PRIMARY KEY (`ID_MATERIA`),
  KEY `FK_Materia_Profesor` (`ID_PROFESOR`),
  KEY `FK_Materia_Carrera` (`ID_CARRERA`),
  CONSTRAINT `FK_Materia_Carrera` FOREIGN KEY (`ID_CARRERA`) REFERENCES `carreras` (`ID_CARRERA`) ON DELETE CASCADE ON UPDATE CASCADE,
  CONSTRAINT `FK_Materia_Profesor` FOREIGN KEY (`ID_PROFESOR`) REFERENCES `profesores` (`ID_PROFESOR`) ON DELETE SET NULL ON UPDATE CASCADE
) ENGINE=InnoDB AUTO_INCREMENT=31 DEFAULT CHARSET=utf8mb4 COLLATE=utf8mb4_0900_ai_ci;

-- Volcando datos para la tabla pp3.materias: ~30 rows (aproximadamente)
INSERT INTO `materias` (`ID_MATERIA`, `NOMBRE`, `ID_PROFESOR`, `CURSO`, `ID_CARRERA`) VALUES
	(1, 'Programación I', 1, '1A', 1),
	(2, 'Base de Datos I', 2, '1B', 1),
	(3, 'Análisis Matemático', 3, '1A', 1),
	(4, 'Sistemas Operativos', 4, '2A', 1),
	(5, 'Redes', 5, '2B', 1),
	(6, 'Contabilidad I', 6, '1A', 3),
	(7, 'Economía', 7, '1B', 3),
	(8, 'Derecho Comercial', 8, '2A', 3),
	(9, 'Administración I', 9, '1A', 2),
	(10, 'Marketing', 10, '2A', 2),
	(11, 'Recursos Humanos', 11, '3A', 2),
	(12, 'Dibujo Técnico', 12, '1A', 4),
	(13, 'Historia del Arte', 13, '1B', 4),
	(14, 'Diseño Digital', 14, '2A', 4),
	(15, 'Estadística', 15, '2B', 2),
	(16, 'Auditoría', 16, '4A', 3),
	(17, 'Ética Profesional', 17, '5A', 1),
	(18, 'Física I', 18, '1C', 1),
	(19, 'Inglés Técnico', 19, '1A', 1),
	(20, 'Costos', 20, '2B', 3),
	(21, 'Macroeconomía', 21, '3B', 3),
	(22, 'Sociología', 22, '1A', 2),
	(23, 'Finanzas', 23, '4B', 2),
	(24, 'Tipografía', 24, '1A', 4),
	(25, 'Fotografía', 25, '2C', 4),
	(26, 'Animación', 26, '3A', 4),
	(27, 'Seguridad Informática', 27, '4A', 1),
	(28, 'Inteligencia Artificial', 28, '5B', 1),
	(29, 'Impuestos', 29, '3A', 3),
	(30, 'Comercio Exterior', 30, '4A', 2);

-- Volcando estructura para tabla pp3.profesores
CREATE TABLE IF NOT EXISTS `profesores` (
  `ID_PROFESOR` int NOT NULL AUTO_INCREMENT,
  `NOMBRE` varchar(100) NOT NULL,
  `EMAIL` varchar(100) DEFAULT NULL,
  PRIMARY KEY (`ID_PROFESOR`)
) ENGINE=InnoDB AUTO_INCREMENT=31 DEFAULT CHARSET=utf8mb4 COLLATE=utf8mb4_0900_ai_ci;

-- Volcando datos para la tabla pp3.profesores: ~30 rows (aproximadamente)
INSERT INTO `profesores` (`ID_PROFESOR`, `NOMBRE`, `EMAIL`) VALUES
	(1, 'Juan Pérez', 'juan.perez@edu.com'),
	(2, 'María García', 'maria.garcia@edu.com'),
	(3, 'Carlos López', 'carlos.lopez@edu.com'),
	(4, 'Ana Martínez', 'ana.martinez@edu.com'),
	(5, 'Luis Rodríguez', 'luis.rodriguez@edu.com'),
	(6, 'Laura Sánchez', 'laura.sanchez@edu.com'),
	(7, 'Jorge Gómez', 'jorge.gomez@edu.com'),
	(8, 'Elena Díaz', 'elena.diaz@edu.com'),
	(9, 'Ricardo Fernández', 'ricardo.fernandez@edu.com'),
	(10, 'Marta Ruiz', 'marta.ruiz@edu.com'),
	(11, 'Pablo Álvarez', 'pablo.alvarez@edu.com'),
	(12, 'Lucía Torres', 'lucia.torres@edu.com'),
	(13, 'Sergio Romero', 'sergio.romero@edu.com'),
	(14, 'Natalia Navarro', 'natalia.navarro@edu.com'),
	(15, 'Andrés Castro', 'andres.castro@edu.com'),
	(16, 'Paula Morales', 'paula.morales@edu.com'),
	(17, 'Diego Ortega', 'diego.ortega@edu.com'),
	(18, 'Isabel Delgado', 'isabel.delgado@edu.com'),
	(19, 'Marcos Marín', 'marcos.marin@edu.com'),
	(20, 'Silvia Rubio', 'silvia.rubio@edu.com'),
	(21, 'Federico Núñez', 'federico.nunez@edu.com'),
	(22, 'Clara Medina', 'clara.medina@edu.com'),
	(23, 'Hugo Castillo', 'hugo.castillo@edu.com'),
	(24, 'Beatriz Flores', 'beatriz.flores@edu.com'),
	(25, 'Roberto Benítez', 'roberto.benitez@edu.com'),
	(26, 'Julia Santana', 'julia.santana@edu.com'),
	(27, 'Tomás Herrera', 'tomas.herrera@edu.com'),
	(28, 'Verónica Vargas', 'veronica.vargas@edu.com'),
	(29, 'Gabriel Ríos', 'gabriel.rios@edu.com'),
	(30, 'Sofía Méndez', 'sofia.mendez@edu.com');

